chain1,residue1,chain2,residue2,minimum_distance,interaction_types
H,ASP27,Y,ARG73,5.27,contact
H,ASP27,Y,ASN77,5.86,contact
H,THR30,Y,ARG73,3.63,hydrogen_bond
H,THR30,Y,LEU75,4.25,contact
H,SER31,Y,SER72,5.39,contact
H,SER31,Y,ARG73,3.53,hydrogen_bond
H,SER31,Y,ASN74,4.27,contact
H,SER31,Y,LEU75,3.26,contact
H,SER31,Y,CYS76,5.84,contact
H,SER31,Y,ASN77,4.61,contact
H,SER31,Y,LYS97,5.35,contact
H,ASP32,Y,ARG73,5.82,contact
H,ASP32,Y,LEU75,3.26,contact
H,ASP32,Y,ASN77,3.77,hydrogen_bond
H,ASP32,Y,LYS97,2.64,salt_bridge
H,TYR33,Y,TRP63,3.3,contact
H,TYR33,Y,LEU75,4.23,contact
H,TYR33,Y,LYS97,2.72,hydrophobic
H,TYR33,Y,ILE98,3.76,hydrogen_bond
H,TYR33,Y,VAL99,5.24,contact
H,TYR33,Y,SER100,4.15,contact
H,TYR33,Y,ASP101,3.55,contact
H,TYR50,Y,ARG21,2.99,hydrogen_bond
H,TYR50,Y,SER100,2.61,hydrogen_bond
H,TYR50,Y,ASP101,4.82,contact
H,SER52,Y,SER100,4.39,contact
H,SER52,Y,ASP101,2.64,hydrogen_bond
H,SER52,Y,GLY102,3.82,hydrogen_bond
H,TYR53,Y,TRP62,3.86,hydrophobic
H,TYR53,Y,TRP63,3.84,hydrophobic;pi_stacking
H,TYR53,Y,ARG73,4.54,contact
H,TYR53,Y,LEU75,3.72,hydrophobic
H,TYR53,Y,ILE98,5.44,contact
H,TYR53,Y,ASP101,3.17,hydrophobic
H,TYR53,Y,ASN103,3.5,hydrogen_bond
H,TYR53,Y,ALA107,5.84,contact
H,SER54,Y,ASP101,2.67,hydrogen_bond
H,SER54,Y,GLY102,4.2,contact
H,SER54,Y,ASN103,3.59,contact
H,GLY55,Y,ASP101,4.75,contact
H,SER56,Y,SER100,5.32,contact
H,SER56,Y,ASP101,3.27,hydrogen_bond
H,SER56,Y,GLY102,2.83,contact
H,SER56,Y,ASN103,5.03,contact
H,TYR58,Y,ARG21,3.21,contact
H,TYR58,Y,VAL99,5.14,contact
H,TYR58,Y,SER100,3.43,contact
H,TYR58,Y,ASP101,3.74,contact
H,TYR58,Y,GLY102,3.57,contact
H,TYR58,Y,ASN103,5.46,contact
H,TYR58,Y,GLY104,5.7,contact
H,ASN97,Y,ASN77,4.92,contact
H,ASN97,Y,LYS97,5.54,contact
H,TRP98,Y,TYR20,4.11,contact
H,TRP98,Y,ARG21,5.16,contact
H,TRP98,Y,ASN93,5.47,contact
H,TRP98,Y,LYS96,4.12,contact
H,TRP98,Y,LYS97,3.53,hydrophobic
H,TRP98,Y,ILE98,5.94,contact
H,TRP98,Y,SER100,3.35,contact
H,ASP99,Y,LEU75,4.65,contact
H,ASP99,Y,CYS76,5.27,contact
H,ASP99,Y,ASN77,2.75,contact
H,ASP99,Y,LYS97,2.87,salt_bridge
H,ASP101,Y,ASN77,5.43,contact
H,TYR102,Y,ASN77,5.6,contact
